﻿<mockup version="5.3" minAllowVersion="5.3" ID="3691F5BF-93B4-E811-A929-2CF0EE17D8DC" platform="MtWeb" defaultW="1100" defaultH="6000" measureW="1100" measureH="6000" mobileScreenScale="0">
  <controls controlCount="29">
    <control controlID="34069CC9-93B4-E811-A929-2CF0EE17D8DC" controlTypeID="BrowserWindow" x="-1" y="0" w="1100" h="798" zOrder="0">
      <font family="" displayName="" postScript="" weightStyle="" weight="0" isBold="False" isItalic="False"/>
      <text>Share+Study+Plan%0Ahttps%3A%2F%2Fwww.sharestudyplan.com</text>
      <textSize>16</textSize>
      <textVAlign>VaTop</textVAlign>
      <lineSpacing>0</lineSpacing>
      <useDefaultTextSize>False</useDefaultTextSize>
      <selectedIndex>-1</selectedIndex>
    </control>
    <control controlID="C886B1CC-93B4-E811-A929-2CF0EE17D8DC" controlTypeID="Panel" x="82" y="217" w="245" h="243" zOrder="1">
      <groupChildrenDescriptors>
        <control controlID="B887B1CC-93B4-E811-A929-2CF0EE17D8DC" controlTypeID="Label" x="20" y="20" w="62" h="18" zOrder="0">
          <font family="" displayName="" postScript="" weightStyle="" weight="0" isBold="False" isItalic="False"/>
          <text>12345678</text>
          <lineSpacing>0</lineSpacing>
          <selectedIndex>-1</selectedIndex>
        </control>
        <control controlID="7688B1CC-93B4-E811-A929-2CF0EE17D8DC" controlTypeID="Label" x="20" y="38" w="62" h="18" zOrder="1">
          <font family="" displayName="" postScript="" weightStyle="" weight="0" isBold="False" isItalic="False"/>
          <text>13579820</text>
          <lineSpacing>0</lineSpacing>
          <selectedIndex>-1</selectedIndex>
        </control>
        <control controlID="2A89B1CC-93B4-E811-A929-2CF0EE17D8DC" controlTypeID="Icon" x="202" y="24" w="11" h="11" zOrder="2">
          <icon>
            <ID/>
            <iconFontName>jdIonicons</iconFontName>
            <iconCode>62167</iconCode>
          </icon>
          <URL>8BE3C7AC8FBB1747163ECAB9AB46AD44.svg</URL>
        </control>
        <control controlID="DE89B1CC-93B4-E811-A929-2CF0EE17D8DC" controlTypeID="Icon" x="202" y="41" w="11" h="11" zOrder="3">
          <icon>
            <ID/>
            <iconFontName>jdIonicons</iconFontName>
            <iconCode>62167</iconCode>
          </icon>
          <URL>8BE3C7AC8FBB1747163ECAB9AB46AD44.svg</URL>
        </control>
        <control controlID="888AB1CC-93B4-E811-A929-2CF0EE17D8DC" controlTypeID="Border" x="0" y="0" w="245" h="243" zOrder="4">
          <alias>borderLayer</alias>
        </control>
      </groupChildrenDescriptors>
      <thinkness>1</thinkness>
    </control>
    <control controlID="8EBC29D1-93B4-E811-A929-2CF0EE17D8DC" controlTypeID="Search" x="71" y="124" w="266" h="36" zOrder="2">
      <links eventType="AtClick" animate="AmNone" animateAutoDelay="0" animateDuration="500">
        <link targetPageID="4A2D4ADC-95B4-E811-A929-2CF0EE17D8DC" linkType="ltPageLink" isApplyIncludePage="False" title="confirm">
          <area shape="0" alt="" ID="{BEAA5BE3-F9AF-E811-A929-2CF0EE17D8DC}" coords="(0,0,266,36)"/>
        </link>
      </links>
      <font family="" displayName="" postScript="" weightStyle="" weight="0" isBold="False" isItalic="False"/>
      <text>Search...</text>
      <textColor>4288256409</textColor>
      <textSize>14</textSize>
      <textVAlign>VaTop</textVAlign>
      <lineSpacing>0</lineSpacing>
      <selectedIndex>-1</selectedIndex>
      <textDirection>tdLeft</textDirection>
    </control>
    <control controlID="F2C707D4-93B4-E811-A929-2CF0EE17D8DC" controlTypeID="Label" x="82" y="101" w="125" h="18" zOrder="3">
      <font family="" displayName="" postScript="" weightStyle="" weight="0" isBold="False" isItalic="False"/>
      <text>Type+the+student+ID%3A</text>
      <lineSpacing>0</lineSpacing>
      <selectedIndex>-1</selectedIndex>
    </control>
    <control controlID="084AB3F9-93B4-E811-A929-2CF0EE17D8DC" controlTypeID="Label" x="103" y="273" w="62" h="18" zOrder="4">
      <font family="" displayName="" postScript="" weightStyle="" weight="0" isBold="False" isItalic="False"/>
      <text>17826354</text>
      <lineSpacing>0</lineSpacing>
      <selectedIndex>-1</selectedIndex>
    </control>
    <control controlID="06E477FC-93B4-E811-A929-2CF0EE17D8DC" controlTypeID="Icon" x="284" y="276" w="11" h="11" zOrder="5">
      <icon>
        <ID/>
        <iconFontName>jdIonicons</iconFontName>
        <iconCode>62167</iconCode>
      </icon>
      <URL>8BE3C7AC8FBB1747163ECAB9AB46AD44.svg</URL>
    </control>
    <control controlID="30C096F4-94B4-E811-A929-2CF0EE17D8DC" controlTypeID="Shape" x="728" y="73" w="372" h="695" zOrder="6">
      <borderColor>4278190080</borderColor>
      <font family="" displayName="" postScript="" weightStyle="" weight="0" isBold="False" isItalic="False"/>
      <textSize>14</textSize>
      <selectedIndex>-1</selectedIndex>
    </control>
    <control controlID="80D6A1B9-95B4-E811-A929-2CF0EE17D8DC" controlTypeID="Line" x="728" y="113" w="370" h="1" zOrder="7">
      <color>4278190080</color>
      <font family="" displayName="" postScript="" weightStyle="" weight="0" isBold="False" isItalic="False"/>
      <textSize>14</textSize>
      <lineSpacing>0</lineSpacing>
      <selectedIndex>-1</selectedIndex>
      <controlPoint>(186,0)</controlPoint>
      <startPoint>(1,0)</startPoint>
      <endPoint>(370,0)</endPoint>
    </control>
    <control controlID="F468A3E8-95B4-E811-A929-2CF0EE17D8DC" controlTypeID="Line" x="730" y="209" w="369" h="2" zOrder="8">
      <color>4278190080</color>
      <font family="" displayName="" postScript="" weightStyle="" weight="0" isBold="False" isItalic="False"/>
      <textSize>14</textSize>
      <lineSpacing>0</lineSpacing>
      <selectedIndex>-1</selectedIndex>
      <controlPoint>(184,1)</controlPoint>
      <startPoint>(0,1)</startPoint>
      <endPoint>(369,1)</endPoint>
    </control>
    <control controlID="AE973284-96B4-E811-A929-2CF0EE17D8DC" controlTypeID="TextInput" x="82" y="129" w="147" h="26" zOrder="9">
      <borderVisible>False</borderVisible>
      <font family="" displayName="" postScript="" weightStyle="" weight="0" isBold="False" isItalic="False"/>
      <text>Search...</text>
      <textColor>4288256409</textColor>
      <lineSpacing>0</lineSpacing>
      <selectedIndex>-1</selectedIndex>
    </control>
    <control controlID="F86639A4-97B4-E811-A929-2CF0EE17D8DC" controlTypeID="TextArea" x="752" y="129" w="211" h="24" zOrder="10">
      <font family="" displayName="" postScript="" weightStyle="" weight="0" isBold="False" isItalic="False"/>
      <text>12536172</text>
      <textSize>18</textSize>
      <lineSpacingMultiple>1.79999995231628</lineSpacingMultiple>
      <textStyles>[fsBold]</textStyles>
      <useDefaultTextSize>False</useDefaultTextSize>
      <selectedIndex>-1</selectedIndex>
    </control>
    <control controlID="C6A20CB2-98B4-E811-A929-2CF0EE17D8DC" controlTypeID="Label" x="876" y="83" w="101" h="22" zOrder="11">
      <font family="" displayName="" postScript="" weightStyle="" weight="0" isBold="False" isItalic="False"/>
      <text>My+Request</text>
      <textSize>18</textSize>
      <lineSpacing>0</lineSpacing>
      <textStyles>[fsBold]</textStyles>
      <useDefaultTextSize>False</useDefaultTextSize>
      <selectedIndex>-1</selectedIndex>
    </control>
    <control controlID="56881EA2-99B4-E811-A929-2CF0EE17D8DC" controlTypeID="TextArea" x="752" y="234" w="211" h="24" zOrder="12">
      <font family="" displayName="" postScript="" weightStyle="" weight="0" isBold="False" isItalic="False"/>
      <text>13579820</text>
      <textSize>18</textSize>
      <lineSpacingMultiple>1.79999995231628</lineSpacingMultiple>
      <textStyles>[fsBold]</textStyles>
      <useDefaultTextSize>False</useDefaultTextSize>
      <selectedIndex>-1</selectedIndex>
    </control>
    <control controlID="CAA0FFAC-99B4-E811-A929-2CF0EE17D8DC" controlTypeID="Line" x="729" y="319" w="370" h="2" zOrder="13">
      <color>4278190080</color>
      <font family="" displayName="" postScript="" weightStyle="" weight="0" isBold="False" isItalic="False"/>
      <textSize>14</textSize>
      <lineSpacing>0</lineSpacing>
      <selectedIndex>-1</selectedIndex>
      <controlPoint>(186,1)</controlPoint>
      <startPoint>(1,1)</startPoint>
      <endPoint>(370,1)</endPoint>
    </control>
    <control controlID="187FC7D5-9AB4-E811-A929-2CF0EE17D8DC" controlTypeID="TextArea" x="752" y="336" w="211" h="24" zOrder="14">
      <font family="" displayName="" postScript="" weightStyle="" weight="0" isBold="False" isItalic="False"/>
      <text>17826354</text>
      <textSize>18</textSize>
      <lineSpacingMultiple>1.79999995231628</lineSpacingMultiple>
      <textStyles>[fsBold]</textStyles>
      <useDefaultTextSize>False</useDefaultTextSize>
      <selectedIndex>-1</selectedIndex>
    </control>
    <control controlID="E6AF43DD-9AB4-E811-A929-2CF0EE17D8DC" controlTypeID="Line" x="729" y="428" w="370" h="2" zOrder="15">
      <color>4278190080</color>
      <font family="" displayName="" postScript="" weightStyle="" weight="0" isBold="False" isItalic="False"/>
      <textSize>14</textSize>
      <lineSpacing>0</lineSpacing>
      <selectedIndex>-1</selectedIndex>
      <controlPoint>(186,1)</controlPoint>
      <startPoint>(1,1)</startPoint>
      <endPoint>(370,1)</endPoint>
    </control>
    <control controlID="CCFB4BBF-5FB5-E811-A929-2CF0EE17D8DC" controlTypeID="Button" x="983" y="164" w="81" h="29" zOrder="16">
      <color>4278242304</color>
      <borderColor>4278229248</borderColor>
      <font family="" displayName="" postScript="" weightStyle="" weight="0" isBold="False" isItalic="False"/>
      <text>Accept</text>
      <textColor>4294967295</textColor>
      <lineSpacing>0</lineSpacing>
      <selectedIndex>-1</selectedIndex>
      <radius>4</radius>
      <buttonStatus>BsFocused</buttonStatus>
      <thickness>2</thickness>
    </control>
    <control controlID="463380D4-5FB5-E811-A929-2CF0EE17D8DC" controlTypeID="Button" x="984" y="275" w="81" h="29" zOrder="17">
      <color>4278242304</color>
      <borderColor>4278229248</borderColor>
      <font family="" displayName="" postScript="" weightStyle="" weight="0" isBold="False" isItalic="False"/>
      <text>Accept</text>
      <textColor>4294967295</textColor>
      <lineSpacing>0</lineSpacing>
      <selectedIndex>-1</selectedIndex>
      <radius>4</radius>
      <buttonStatus>BsFocused</buttonStatus>
      <thickness>2</thickness>
    </control>
    <control controlID="74D86FE4-5FB5-E811-A929-2CF0EE17D8DC" controlTypeID="Button" x="984" y="389" w="81" h="29" zOrder="18">
      <color>4278242304</color>
      <borderColor>4278229248</borderColor>
      <font family="" displayName="" postScript="" weightStyle="" weight="0" isBold="False" isItalic="False"/>
      <text>Accept</text>
      <textColor>4294967295</textColor>
      <lineSpacing>0</lineSpacing>
      <selectedIndex>-1</selectedIndex>
      <radius>4</radius>
      <buttonStatus>BsFocused</buttonStatus>
      <thickness>2</thickness>
    </control>
    <control controlID="FCE5889C-C6B5-E811-A929-2CF0EE17D8DC" controlTypeID="Button" x="424" y="586" w="114" h="34" zOrder="19">
      <color>4278229248</color>
      <borderColor>4278229248</borderColor>
      <links eventType="AtClick" animate="AmNone" animateAutoDelay="0" animateDuration="500">
        <link targetPageID="4A2D4ADC-95B4-E811-A929-2CF0EE17D8DC" linkType="ltPageLink" isApplyIncludePage="False" title="confirm">
          <area shape="0" alt="" ID="{3EDE14B8-C6B5-E811-A929-2CF0EE17D8DC}" coords="(0,0,114,34)"/>
        </link>
      </links>
      <font family="" displayName="" postScript="" weightStyle="" weight="0" isBold="False" isItalic="False"/>
      <text>Send%0A</text>
      <textColor>4294967295</textColor>
      <textSize>16</textSize>
      <lineSpacing>0</lineSpacing>
      <textStyles>[fsBold]</textStyles>
      <useDefaultTextSize>False</useDefaultTextSize>
      <selectedIndex>-1</selectedIndex>
      <radius>4</radius>
      <buttonStatus>BsFocused</buttonStatus>
      <thickness>2</thickness>
    </control>
    <control controlID="BEC1BBAD-C6B5-E811-A929-2CF0EE17D8DC" controlTypeID="PointyButton" x="556" y="586" w="139" h="34" zOrder="20">
      <color>4278216396</color>
      <borderColor>4278216396</borderColor>
      <font family="" displayName="" postScript="" weightStyle="" weight="0" isBold="False" isItalic="False"/>
      <text>View+My+Timetable</text>
      <textColor>4294967295</textColor>
      <textSize>14</textSize>
      <lineSpacing>0</lineSpacing>
      <selectedIndex>-1</selectedIndex>
    </control>
    <control controlID="58DF0B27-C8B5-E811-A929-2CF0EE17D8DC" controlTypeID="Button" x="876" y="164" w="87" h="28" zOrder="21">
      <color>4294914867</color>
      <borderColor>4291559424</borderColor>
      <font family="" displayName="" postScript="" weightStyle="" weight="0" isBold="False" isItalic="False"/>
      <text>Reject</text>
      <textColor>4294967295</textColor>
      <lineSpacing>0</lineSpacing>
      <selectedIndex>-1</selectedIndex>
      <radius>4</radius>
    </control>
    <control controlID="C4DDB832-C8B5-E811-A929-2CF0EE17D8DC" controlTypeID="Button" x="876" y="276" w="87" h="28" zOrder="22">
      <color>4294914867</color>
      <borderColor>4291559424</borderColor>
      <font family="" displayName="" postScript="" weightStyle="" weight="0" isBold="False" isItalic="False"/>
      <text>Reject</text>
      <textColor>4294967295</textColor>
      <lineSpacing>0</lineSpacing>
      <selectedIndex>-1</selectedIndex>
      <radius>4</radius>
    </control>
    <control controlID="72272E43-C8B5-E811-A929-2CF0EE17D8DC" controlTypeID="Button" x="876" y="390" w="87" h="28" zOrder="23">
      <color>4294914867</color>
      <borderColor>4291559424</borderColor>
      <font family="" displayName="" postScript="" weightStyle="" weight="0" isBold="False" isItalic="False"/>
      <text>Reject</text>
      <textColor>4294967295</textColor>
      <lineSpacing>0</lineSpacing>
      <selectedIndex>-1</selectedIndex>
      <radius>4</radius>
    </control>
  </controls>
  <param>
    <backgroundColor>4294967295</backgroundColor>
    <fontSize>0</fontSize>
    <fontFamily/>
    <guideLines/>
  </param>
</mockup>