﻿<mockup version="5.3" minAllowVersion="5.3" ID="5C9B2E66-E3AF-E811-A929-2CF0EE17D8DC" platform="MtWeb" defaultW="1100" defaultH="6000" measureW="1100" measureH="6000" mobileScreenScale="0">
  <controls controlCount="27">
    <control controlID="4C04DEED-E4AF-E811-A929-2CF0EE17D8DC" controlTypeID="BrowserWindow" x="-2" y="0" w="1100" h="799" zOrder="0">
      <font family="" displayName="" postScript="" weightStyle="" weight="0" isBold="False" isItalic="False"/>
      <text>Share+Study+Plan%0Ahttps%3A%2F%2Fwww.sharestudyplan.com</text>
      <textSize>16</textSize>
      <textVAlign>VaTop</textVAlign>
      <lineSpacing>0</lineSpacing>
      <useDefaultTextSize>False</useDefaultTextSize>
      <selectedIndex>-1</selectedIndex>
    </control>
    <control controlID="FE76A642-E4AF-E811-A929-2CF0EE17D8DC" controlTypeID="Search" x="72" y="124" w="266" h="36" zOrder="1">
      <links eventType="AtClick" animate="AmNone" animateAutoDelay="0" animateDuration="500">
        <link targetPageID="3691F5BF-93B4-E811-A929-2CF0EE17D8DC" linkType="ltPageLink" isApplyIncludePage="False" title="search_id">
          <area shape="0" alt="" ID="{BEAA5BE3-F9AF-E811-A929-2CF0EE17D8DC}" coords="(0,0,266,36)"/>
        </link>
      </links>
      <font family="" displayName="" postScript="" weightStyle="" weight="0" isBold="False" isItalic="False"/>
      <text>Search...</text>
      <textColor>4288256409</textColor>
      <textSize>14</textSize>
      <textVAlign>VaTop</textVAlign>
      <lineSpacing>0</lineSpacing>
      <selectedIndex>-1</selectedIndex>
      <textDirection>tdLeft</textDirection>
    </control>
    <control controlID="805FD49A-FDAF-E811-A929-2CF0EE17D8DC" controlTypeID="Label" x="82" y="101" w="125" h="18" zOrder="2">
      <font family="" displayName="" postScript="" weightStyle="" weight="0" isBold="False" isItalic="False"/>
      <text>Type+the+student+ID%3A</text>
      <lineSpacing>0</lineSpacing>
      <selectedIndex>-1</selectedIndex>
    </control>
    <control controlID="78A59D30-0BB0-E811-A929-2CF0EE17D8DC" controlTypeID="Panel" x="82" y="217" w="245" h="243" zOrder="3">
      <interactiveData>
        <entry title="">
          <area shape="0" alt="" ID="{2AA79E30-0BB0-E811-A929-2CF0EE17D8DC}" coords="(0,0,245,243)"/>
          <events title="">
            <event eventType="atClick" isChecked="True">
              <behaviour title="" isChecked="True" isWait="False" isLoop="False" execMode="emParallel">
                <target targetID="FE76A642-E4AF-E811-A929-2CF0EE17D8DC" isChecked="True" isAutoRecovery="False" isLoop="False" execMode="emSequence">
                  <command name="Change Visibility" isChecked="True" descrition="">
                    <param name="AniInterpolation" value="1" varType="3" description=""/>
                    <param name="AniDuration" value="200" varType="3" description=""/>
                    <param name="AniAutoReverse" value="False" varType="11" description=""/>
                    <param name="AniLoop" value="False" varType="11" description=""/>
                    <param name="AniInterpolationTypeOut" value="False" varType="11" description=""/>
                    <param name="Delay" value="0" varType="3" description=""/>
                    <param name="ValueFromCurrent" value="True" varType="11" description=""/>
                    <param name="ForceFromInitValue" value="False" varType="11" description=""/>
                    <param name="ForceSetVisible" value="False" varType="11" description=""/>
                    <param name="Value" value="2" varType="3" description=""/>
                    <param name="TerminateLoopByClick" value="True" varType="11" description=""/>
                  </command>
                </target>
              </behaviour>
            </event>
          </events>
        </entry>
      </interactiveData>
      <groupChildrenDescriptors>
        <control controlID="1EB6D126-0CB0-E811-A929-2CF0EE17D8DC" controlTypeID="Label" x="20" y="20" w="62" h="18" zOrder="0">
          <font family="" displayName="" postScript="" weightStyle="" weight="0" isBold="False" isItalic="False"/>
          <text>12345678</text>
          <lineSpacing>0</lineSpacing>
          <selectedIndex>-1</selectedIndex>
        </control>
        <control controlID="9875C931-0CB0-E811-A929-2CF0EE17D8DC" controlTypeID="Label" x="20" y="38" w="62" h="18" zOrder="1">
          <font family="" displayName="" postScript="" weightStyle="" weight="0" isBold="False" isItalic="False"/>
          <text>13579820</text>
          <lineSpacing>0</lineSpacing>
          <selectedIndex>-1</selectedIndex>
        </control>
        <control controlID="32677568-0CB0-E811-A929-2CF0EE17D8DC" controlTypeID="Icon" x="202" y="24" w="11" h="11" zOrder="2">
          <icon>
            <ID/>
            <iconFontName>jdIonicons</iconFontName>
            <iconCode>62167</iconCode>
          </icon>
          <URL>8BE3C7AC8FBB1747163ECAB9AB46AD44.svg</URL>
        </control>
        <control controlID="82B1A070-0CB0-E811-A929-2CF0EE17D8DC" controlTypeID="Icon" x="202" y="41" w="11" h="11" zOrder="3">
          <icon>
            <ID/>
            <iconFontName>jdIonicons</iconFontName>
            <iconCode>62167</iconCode>
          </icon>
          <URL>8BE3C7AC8FBB1747163ECAB9AB46AD44.svg</URL>
        </control>
        <control controlID="A043A030-0BB0-E811-A929-2CF0EE17D8DC" controlTypeID="Border" x="0" y="0" w="245" h="243" zOrder="4">
          <alias>borderLayer</alias>
        </control>
      </groupChildrenDescriptors>
      <thinkness>1</thinkness>
    </control>
    <control controlID="D8F31FE4-95B4-E811-A929-2CF0EE17D8DC" controlTypeID="Button" x="424" y="586" w="114" h="34" zOrder="4">
      <color>4278229248</color>
      <borderColor>4278229248</borderColor>
      <font family="" displayName="" postScript="" weightStyle="" weight="0" isBold="False" isItalic="False"/>
      <text>Send%0A</text>
      <textColor>4294967295</textColor>
      <textSize>16</textSize>
      <lineSpacing>0</lineSpacing>
      <textStyles>[fsBold]</textStyles>
      <useDefaultTextSize>False</useDefaultTextSize>
      <selectedIndex>-1</selectedIndex>
      <radius>4</radius>
      <buttonStatus>BsFocused</buttonStatus>
      <thickness>2</thickness>
    </control>
    <control controlID="50B1A730-96B4-E811-A929-2CF0EE17D8DC" controlTypeID="TextInput" x="82" y="129" w="147" h="26" zOrder="5">
      <borderVisible>False</borderVisible>
      <font family="" displayName="" postScript="" weightStyle="" weight="0" isBold="False" isItalic="False"/>
      <text>Search...</text>
      <textColor>4288256409</textColor>
      <lineSpacing>0</lineSpacing>
      <selectedIndex>-1</selectedIndex>
    </control>
    <control controlID="48FA1AC7-96B4-E811-A929-2CF0EE17D8DC" controlTypeID="Shape" x="728" y="73" w="372" h="696" zOrder="6">
      <borderColor>4278190080</borderColor>
      <font family="" displayName="" postScript="" weightStyle="" weight="0" isBold="False" isItalic="False"/>
      <textSize>14</textSize>
      <selectedIndex>-1</selectedIndex>
    </control>
    <control controlID="64A313D7-96B4-E811-A929-2CF0EE17D8DC" controlTypeID="Line" x="728" y="113" w="370" h="1" zOrder="7">
      <color>4278190080</color>
      <font family="" displayName="" postScript="" weightStyle="" weight="0" isBold="False" isItalic="False"/>
      <textSize>14</textSize>
      <lineSpacing>0</lineSpacing>
      <selectedIndex>-1</selectedIndex>
      <controlPoint>(186,0)</controlPoint>
      <startPoint>(1,0)</startPoint>
      <endPoint>(370,0)</endPoint>
    </control>
    <control controlID="8E16FB78-98B4-E811-A929-2CF0EE17D8DC" controlTypeID="TextArea" x="752" y="129" w="211" h="24" zOrder="8">
      <font family="" displayName="" postScript="" weightStyle="" weight="0" isBold="False" isItalic="False"/>
      <text>12536172</text>
      <textSize>18</textSize>
      <lineSpacingMultiple>1.79999995231628</lineSpacingMultiple>
      <textStyles>[fsBold]</textStyles>
      <useDefaultTextSize>False</useDefaultTextSize>
      <selectedIndex>-1</selectedIndex>
    </control>
    <control controlID="AE88247C-98B4-E811-A929-2CF0EE17D8DC" controlTypeID="Button" x="983" y="164" w="81" h="29" zOrder="9">
      <color>4278242304</color>
      <borderColor>4278229248</borderColor>
      <font family="" displayName="" postScript="" weightStyle="" weight="0" isBold="False" isItalic="False"/>
      <text>Accept</text>
      <textColor>4294967295</textColor>
      <lineSpacing>0</lineSpacing>
      <selectedIndex>-1</selectedIndex>
      <radius>4</radius>
      <buttonStatus>BsFocused</buttonStatus>
      <thickness>2</thickness>
    </control>
    <control controlID="38011F7F-98B4-E811-A929-2CF0EE17D8DC" controlTypeID="Line" x="729" y="209" w="369" h="2" zOrder="10">
      <color>4278190080</color>
      <font family="" displayName="" postScript="" weightStyle="" weight="0" isBold="False" isItalic="False"/>
      <textSize>14</textSize>
      <lineSpacing>0</lineSpacing>
      <selectedIndex>-1</selectedIndex>
      <controlPoint>(184,1)</controlPoint>
      <startPoint>(0,1)</startPoint>
      <endPoint>(369,1)</endPoint>
    </control>
    <control controlID="CAFE22B4-98B4-E811-A929-2CF0EE17D8DC" controlTypeID="Label" x="876" y="83" w="101" h="22" zOrder="11">
      <font family="" displayName="" postScript="" weightStyle="" weight="0" isBold="False" isItalic="False"/>
      <text>My+Request</text>
      <textSize>18</textSize>
      <lineSpacing>0</lineSpacing>
      <textStyles>[fsBold]</textStyles>
      <useDefaultTextSize>False</useDefaultTextSize>
      <selectedIndex>-1</selectedIndex>
    </control>
    <control controlID="D8D156A3-99B4-E811-A929-2CF0EE17D8DC" controlTypeID="TextArea" x="752" y="234" w="211" h="24" zOrder="12">
      <font family="" displayName="" postScript="" weightStyle="" weight="0" isBold="False" isItalic="False"/>
      <text>13579820</text>
      <textSize>18</textSize>
      <lineSpacingMultiple>1.79999995231628</lineSpacingMultiple>
      <textStyles>[fsBold]</textStyles>
      <useDefaultTextSize>False</useDefaultTextSize>
      <selectedIndex>-1</selectedIndex>
    </control>
    <control controlID="F6F3F2AD-99B4-E811-A929-2CF0EE17D8DC" controlTypeID="Line" x="729" y="319" w="370" h="2" zOrder="13">
      <color>4278190080</color>
      <font family="" displayName="" postScript="" weightStyle="" weight="0" isBold="False" isItalic="False"/>
      <textSize>14</textSize>
      <lineSpacing>0</lineSpacing>
      <selectedIndex>-1</selectedIndex>
      <controlPoint>(186,1)</controlPoint>
      <startPoint>(1,1)</startPoint>
      <endPoint>(370,1)</endPoint>
    </control>
    <control controlID="82A7BBD6-9AB4-E811-A929-2CF0EE17D8DC" controlTypeID="TextArea" x="752" y="336" w="211" h="24" zOrder="14">
      <font family="" displayName="" postScript="" weightStyle="" weight="0" isBold="False" isItalic="False"/>
      <text>17826354</text>
      <textSize>18</textSize>
      <lineSpacingMultiple>1.79999995231628</lineSpacingMultiple>
      <textStyles>[fsBold]</textStyles>
      <useDefaultTextSize>False</useDefaultTextSize>
      <selectedIndex>-1</selectedIndex>
    </control>
    <control controlID="D02F01DE-9AB4-E811-A929-2CF0EE17D8DC" controlTypeID="Line" x="729" y="428" w="370" h="2" zOrder="15">
      <color>4278190080</color>
      <font family="" displayName="" postScript="" weightStyle="" weight="0" isBold="False" isItalic="False"/>
      <textSize>14</textSize>
      <lineSpacing>0</lineSpacing>
      <selectedIndex>-1</selectedIndex>
      <controlPoint>(186,1)</controlPoint>
      <startPoint>(1,1)</startPoint>
      <endPoint>(370,1)</endPoint>
    </control>
    <control controlID="4A0B2928-5FB5-E811-A929-2CF0EE17D8DC" controlTypeID="Button" x="984" y="275" w="81" h="29" zOrder="16">
      <color>4278242304</color>
      <borderColor>4278229248</borderColor>
      <font family="" displayName="" postScript="" weightStyle="" weight="0" isBold="False" isItalic="False"/>
      <text>Accept</text>
      <textColor>4294967295</textColor>
      <lineSpacing>0</lineSpacing>
      <selectedIndex>-1</selectedIndex>
      <radius>4</radius>
      <buttonStatus>BsFocused</buttonStatus>
      <thickness>2</thickness>
    </control>
    <control controlID="1A8F642F-5FB5-E811-A929-2CF0EE17D8DC" controlTypeID="Button" x="984" y="389" w="81" h="29" zOrder="17">
      <color>4278242304</color>
      <borderColor>4278229248</borderColor>
      <font family="" displayName="" postScript="" weightStyle="" weight="0" isBold="False" isItalic="False"/>
      <text>Accept</text>
      <textColor>4294967295</textColor>
      <lineSpacing>0</lineSpacing>
      <selectedIndex>-1</selectedIndex>
      <radius>4</radius>
      <buttonStatus>BsFocused</buttonStatus>
      <thickness>2</thickness>
    </control>
    <control controlID="80622FEC-C5B5-E811-A929-2CF0EE17D8DC" controlTypeID="PointyButton" x="556" y="586" w="139" h="34" zOrder="18">
      <color>4278216396</color>
      <borderColor>4278216396</borderColor>
      <font family="" displayName="" postScript="" weightStyle="" weight="0" isBold="False" isItalic="False"/>
      <text>View+My+Timetable</text>
      <textColor>4294967295</textColor>
      <textSize>14</textSize>
      <lineSpacing>0</lineSpacing>
      <selectedIndex>-1</selectedIndex>
    </control>
    <control controlID="84D892DF-C7B5-E811-A929-2CF0EE17D8DC" controlTypeID="Button" x="876" y="164" w="87" h="28" zOrder="19">
      <color>4294914867</color>
      <borderColor>4291559424</borderColor>
      <font family="" displayName="" postScript="" weightStyle="" weight="0" isBold="False" isItalic="False"/>
      <text>Reject</text>
      <textColor>4294967295</textColor>
      <lineSpacing>0</lineSpacing>
      <selectedIndex>-1</selectedIndex>
      <radius>4</radius>
    </control>
    <control controlID="B820E709-C8B5-E811-A929-2CF0EE17D8DC" controlTypeID="Button" x="876" y="276" w="87" h="28" zOrder="20">
      <color>4294914867</color>
      <borderColor>4291559424</borderColor>
      <font family="" displayName="" postScript="" weightStyle="" weight="0" isBold="False" isItalic="False"/>
      <text>Reject</text>
      <textColor>4294967295</textColor>
      <lineSpacing>0</lineSpacing>
      <selectedIndex>-1</selectedIndex>
      <radius>4</radius>
    </control>
    <control controlID="96971617-C8B5-E811-A929-2CF0EE17D8DC" controlTypeID="Button" x="876" y="390" w="87" h="28" zOrder="21">
      <color>4294914867</color>
      <borderColor>4291559424</borderColor>
      <font family="" displayName="" postScript="" weightStyle="" weight="0" isBold="False" isItalic="False"/>
      <text>Reject</text>
      <textColor>4294967295</textColor>
      <lineSpacing>0</lineSpacing>
      <selectedIndex>-1</selectedIndex>
      <radius>4</radius>
    </control>
  </controls>
  <param>
    <backgroundColor>4294967295</backgroundColor>
    <fontSize>0</fontSize>
    <fontFamily/>
    <guideLines/>
  </param>
</mockup>