﻿<mockup version="5.3" minAllowVersion="5.3" ID="808CECE0-F9AF-E811-A929-2CF0EE17D8DC" platform="MtWeb" defaultW="1100" defaultH="6000" measureW="1100" measureH="6000" mobileScreenScale="0">
  <controls controlCount="34">
    <control controlID="407BA2E3-92B4-E811-A929-2CF0EE17D8DC" controlTypeID="BrowserWindow" x="0" y="0" w="1100" h="798" zOrder="0">
      <font family="" displayName="" postScript="" weightStyle="" weight="0" isBold="False" isItalic="False"/>
      <text>Share+Study+Plan%0Ahttps%3A%2F%2Fwww.sharestudyplan.com</text>
      <textSize>16</textSize>
      <textVAlign>VaTop</textVAlign>
      <lineSpacing>0</lineSpacing>
      <useDefaultTextSize>False</useDefaultTextSize>
      <selectedIndex>-1</selectedIndex>
    </control>
    <control controlID="50EAA1E7-92B4-E811-A929-2CF0EE17D8DC" controlTypeID="Label" x="82" y="101" w="125" h="18" zOrder="1">
      <font family="" displayName="" postScript="" weightStyle="" weight="0" isBold="False" isItalic="False"/>
      <text>Type+the+student+ID%3A</text>
      <lineSpacing>0</lineSpacing>
      <selectedIndex>-1</selectedIndex>
    </control>
    <control controlID="5656C2EB-92B4-E811-A929-2CF0EE17D8DC" controlTypeID="Search" x="72" y="124" w="266" h="36" zOrder="2">
      <links eventType="AtClick" animate="AmNone" animateAutoDelay="0" animateDuration="500">
        <link targetPageID="3691F5BF-93B4-E811-A929-2CF0EE17D8DC" linkType="ltPageLink" isApplyIncludePage="False" title="Page1">
          <area shape="0" alt="" ID="{BEAA5BE3-F9AF-E811-A929-2CF0EE17D8DC}" coords="(0,0,266,36)"/>
        </link>
      </links>
      <font family="" displayName="" postScript="" weightStyle="" weight="0" isBold="False" isItalic="False"/>
      <textColor>4288256409</textColor>
      <textSize>14</textSize>
      <textVAlign>VaTop</textVAlign>
      <lineSpacing>0</lineSpacing>
      <selectedIndex>-1</selectedIndex>
      <textDirection>tdLeft</textDirection>
    </control>
    <control controlID="BA01558F-93B4-E811-A929-2CF0EE17D8DC" controlTypeID="Panel" x="82" y="217" w="245" h="243" zOrder="3">
      <groupChildrenDescriptors>
        <control controlID="3C02558F-93B4-E811-A929-2CF0EE17D8DC" controlTypeID="Label" x="20" y="20" w="62" h="18" zOrder="0">
          <font family="" displayName="" postScript="" weightStyle="" weight="0" isBold="False" isItalic="False"/>
          <text>12345678</text>
          <lineSpacing>0</lineSpacing>
          <selectedIndex>-1</selectedIndex>
        </control>
        <control controlID="A002558F-93B4-E811-A929-2CF0EE17D8DC" controlTypeID="Label" x="20" y="38" w="62" h="18" zOrder="1">
          <font family="" displayName="" postScript="" weightStyle="" weight="0" isBold="False" isItalic="False"/>
          <text>13579820</text>
          <lineSpacing>0</lineSpacing>
          <selectedIndex>-1</selectedIndex>
        </control>
        <control controlID="FA02558F-93B4-E811-A929-2CF0EE17D8DC" controlTypeID="Icon" x="202" y="24" w="11" h="11" zOrder="2">
          <icon>
            <ID/>
            <iconFontName>jdIonicons</iconFontName>
            <iconCode>62167</iconCode>
          </icon>
          <URL>8BE3C7AC8FBB1747163ECAB9AB46AD44.svg</URL>
        </control>
        <control controlID="5403558F-93B4-E811-A929-2CF0EE17D8DC" controlTypeID="Icon" x="202" y="41" w="11" h="11" zOrder="3">
          <icon>
            <ID/>
            <iconFontName>jdIonicons</iconFontName>
            <iconCode>62167</iconCode>
          </icon>
          <URL>8BE3C7AC8FBB1747163ECAB9AB46AD44.svg</URL>
        </control>
        <control controlID="AE03558F-93B4-E811-A929-2CF0EE17D8DC" controlTypeID="Border" x="0" y="0" w="245" h="243" zOrder="4">
          <alias>borderLayer</alias>
        </control>
      </groupChildrenDescriptors>
      <thinkness>1</thinkness>
    </control>
    <control controlID="4CCEC779-96B4-E811-A929-2CF0EE17D8DC" controlTypeID="TextInput" x="86" y="129" w="147" h="26" zOrder="4">
      <borderVisible>False</borderVisible>
      <font family="" displayName="" postScript="" weightStyle="" weight="0" isBold="False" isItalic="False"/>
      <text>Search...</text>
      <textColor>4288256409</textColor>
      <lineSpacing>0</lineSpacing>
      <selectedIndex>-1</selectedIndex>
    </control>
    <control controlID="A62976C5-96B4-E811-A929-2CF0EE17D8DC" controlTypeID="Shape" x="728" y="73" w="372" h="695" zOrder="5">
      <borderColor>4278190080</borderColor>
      <font family="" displayName="" postScript="" weightStyle="" weight="0" isBold="False" isItalic="False"/>
      <textSize>14</textSize>
      <selectedIndex>-1</selectedIndex>
    </control>
    <control controlID="5E49F0D7-96B4-E811-A929-2CF0EE17D8DC" controlTypeID="Line" x="728" y="113" w="370" h="1" zOrder="6">
      <font family="" displayName="" postScript="" weightStyle="" weight="0" isBold="False" isItalic="False"/>
      <textSize>14</textSize>
      <lineSpacing>0</lineSpacing>
      <selectedIndex>-1</selectedIndex>
      <controlPoint>(186,0)</controlPoint>
      <startPoint>(1,0)</startPoint>
      <endPoint>(370,0)</endPoint>
    </control>
    <control controlID="0CF65873-55B5-E811-A929-2CF0EE17D8DC" controlTypeID="Label" x="103" y="273" w="62" h="18" zOrder="7">
      <font family="" displayName="" postScript="" weightStyle="" weight="0" isBold="False" isItalic="False"/>
      <text>17826354</text>
      <lineSpacing>0</lineSpacing>
      <selectedIndex>-1</selectedIndex>
    </control>
    <control controlID="3EE4367A-55B5-E811-A929-2CF0EE17D8DC" controlTypeID="Icon" x="284" y="276" w="11" h="11" zOrder="8">
      <icon>
        <ID/>
        <iconFontName>jdIonicons</iconFontName>
        <iconCode>62167</iconCode>
      </icon>
      <URL>8BE3C7AC8FBB1747163ECAB9AB46AD44.svg</URL>
    </control>
    <control controlID="2E31D67F-55B5-E811-A929-2CF0EE17D8DC" controlTypeID="TextArea" x="752" y="129" w="211" h="24" zOrder="9">
      <font family="" displayName="" postScript="" weightStyle="" weight="0" isBold="False" isItalic="False"/>
      <text>12536172</text>
      <textSize>18</textSize>
      <lineSpacingMultiple>1.79999995231628</lineSpacingMultiple>
      <textStyles>[fsBold]</textStyles>
      <useDefaultTextSize>False</useDefaultTextSize>
      <selectedIndex>-1</selectedIndex>
    </control>
    <control controlID="52490B87-55B5-E811-A929-2CF0EE17D8DC" controlTypeID="Line" x="729" y="209" w="370" h="2" zOrder="10">
      <color>4278190080</color>
      <font family="" displayName="" postScript="" weightStyle="" weight="0" isBold="False" isItalic="False"/>
      <textSize>14</textSize>
      <lineSpacing>0</lineSpacing>
      <selectedIndex>-1</selectedIndex>
      <controlPoint>(186,1)</controlPoint>
      <startPoint>(1,1)</startPoint>
      <endPoint>(370,1)</endPoint>
    </control>
    <control controlID="4297AE8C-55B5-E811-A929-2CF0EE17D8DC" controlTypeID="TextArea" x="752" y="234" w="211" h="24" zOrder="11">
      <font family="" displayName="" postScript="" weightStyle="" weight="0" isBold="False" isItalic="False"/>
      <text>13579820</text>
      <textSize>18</textSize>
      <lineSpacingMultiple>1.79999995231628</lineSpacingMultiple>
      <textStyles>[fsBold]</textStyles>
      <useDefaultTextSize>False</useDefaultTextSize>
      <selectedIndex>-1</selectedIndex>
    </control>
    <control controlID="70D29893-55B5-E811-A929-2CF0EE17D8DC" controlTypeID="Line" x="729" y="319" w="370" h="2" zOrder="12">
      <color>4278190080</color>
      <font family="" displayName="" postScript="" weightStyle="" weight="0" isBold="False" isItalic="False"/>
      <textSize>14</textSize>
      <lineSpacing>0</lineSpacing>
      <selectedIndex>-1</selectedIndex>
      <controlPoint>(186,1)</controlPoint>
      <startPoint>(1,1)</startPoint>
      <endPoint>(370,1)</endPoint>
    </control>
    <control controlID="76E5C796-55B5-E811-A929-2CF0EE17D8DC" controlTypeID="TextArea" x="752" y="336" w="211" h="24" zOrder="13">
      <font family="" displayName="" postScript="" weightStyle="" weight="0" isBold="False" isItalic="False"/>
      <text>17826354</text>
      <textSize>18</textSize>
      <lineSpacingMultiple>1.79999995231628</lineSpacingMultiple>
      <textStyles>[fsBold]</textStyles>
      <useDefaultTextSize>False</useDefaultTextSize>
      <selectedIndex>-1</selectedIndex>
    </control>
    <control controlID="66DAF99D-55B5-E811-A929-2CF0EE17D8DC" controlTypeID="Line" x="729" y="428" w="370" h="2" zOrder="14">
      <color>4278190080</color>
      <font family="" displayName="" postScript="" weightStyle="" weight="0" isBold="False" isItalic="False"/>
      <textSize>14</textSize>
      <lineSpacing>0</lineSpacing>
      <selectedIndex>-1</selectedIndex>
      <controlPoint>(186,1)</controlPoint>
      <startPoint>(1,1)</startPoint>
      <endPoint>(370,1)</endPoint>
    </control>
    <control controlID="C0CB10D9-58B5-E811-A929-2CF0EE17D8DC" controlTypeID="Label" x="876" y="83" w="101" h="22" zOrder="15">
      <font family="" displayName="" postScript="" weightStyle="" weight="0" isBold="False" isItalic="False"/>
      <text>My+Request</text>
      <textSize>18</textSize>
      <lineSpacing>0</lineSpacing>
      <textStyles>[fsBold]</textStyles>
      <useDefaultTextSize>False</useDefaultTextSize>
      <selectedIndex>-1</selectedIndex>
    </control>
    <control controlID="BEA054C5-5FB5-E811-A929-2CF0EE17D8DC" controlTypeID="Button" x="983" y="164" w="81" h="29" zOrder="16">
      <color>4278242304</color>
      <borderColor>4278229248</borderColor>
      <font family="" displayName="" postScript="" weightStyle="" weight="0" isBold="False" isItalic="False"/>
      <text>Accept</text>
      <textColor>4294967295</textColor>
      <lineSpacing>0</lineSpacing>
      <selectedIndex>-1</selectedIndex>
      <radius>4</radius>
      <buttonStatus>BsFocused</buttonStatus>
      <thickness>2</thickness>
    </control>
    <control controlID="38894CD9-5FB5-E811-A929-2CF0EE17D8DC" controlTypeID="Button" x="984" y="275" w="81" h="29" zOrder="17">
      <color>4278242304</color>
      <borderColor>4278229248</borderColor>
      <font family="" displayName="" postScript="" weightStyle="" weight="0" isBold="False" isItalic="False"/>
      <text>Accept</text>
      <textColor>4294967295</textColor>
      <lineSpacing>0</lineSpacing>
      <selectedIndex>-1</selectedIndex>
      <radius>4</radius>
      <buttonStatus>BsFocused</buttonStatus>
      <thickness>2</thickness>
    </control>
    <control controlID="D2EC44E8-5FB5-E811-A929-2CF0EE17D8DC" controlTypeID="Button" x="984" y="389" w="81" h="29" zOrder="18">
      <color>4278242304</color>
      <borderColor>4278229248</borderColor>
      <font family="" displayName="" postScript="" weightStyle="" weight="0" isBold="False" isItalic="False"/>
      <text>Accept</text>
      <textColor>4294967295</textColor>
      <lineSpacing>0</lineSpacing>
      <selectedIndex>-1</selectedIndex>
      <radius>4</radius>
      <buttonStatus>BsFocused</buttonStatus>
      <thickness>2</thickness>
    </control>
    <control controlID="820B9CE4-60B5-E811-A929-2CF0EE17D8DC" controlTypeID="Shape" x="311" y="305" w="293" h="167" zOrder="19">
      <font family="" displayName="" postScript="" weightStyle="" weight="0" isBold="False" isItalic="False"/>
      <textSize>14</textSize>
      <selectedIndex>-1</selectedIndex>
      <radius>8</radius>
    </control>
    <control controlID="6E46C8E5-57B5-E811-A929-2CF0EE17D8DC" controlTypeID="Button" x="421" y="433" w="73" h="33" zOrder="20">
      <color>4278216396</color>
      <borderColor>4278216396</borderColor>
      <links eventType="AtClick" animate="AmNone" animateAutoDelay="0" animateDuration="500">
        <link targetPageID="F265B329-58B5-E811-A929-2CF0EE17D8DC" linkType="ltPageLink" isApplyIncludePage="False" title="Page1">
          <area shape="0" alt="" ID="{FE771C2F-58B5-E811-A929-2CF0EE17D8DC}" coords="(0,0,73,33)"/>
        </link>
      </links>
      <font family="" displayName="" postScript="" weightStyle="" weight="0" isBold="False" isItalic="False"/>
      <text>OK</text>
      <textColor>4294967295</textColor>
      <lineSpacing>0</lineSpacing>
      <selectedIndex>-1</selectedIndex>
      <radius>8</radius>
      <buttonStatus>BsFocused</buttonStatus>
      <thickness>2</thickness>
    </control>
    <control controlID="6AF67ACD-57B5-E811-A929-2CF0EE17D8DC" controlTypeID="Label" x="330" y="400" w="259" h="18" zOrder="21">
      <font family="" displayName="" postScript="" weightStyle="" weight="0" isBold="False" isItalic="False"/>
      <text>Your+study+plan+was+successfully+shared!!</text>
      <lineSpacing>0</lineSpacing>
      <selectedIndex>-1</selectedIndex>
    </control>
    <control controlID="80DDB2B6-57B5-E811-A929-2CF0EE17D8DC" controlTypeID="Label" x="423" y="366" w="68" h="24" zOrder="22">
      <font family="" displayName="" postScript="" weightStyle="" weight="0" isBold="False" isItalic="False"/>
      <text>Shared</text>
      <textSize>20</textSize>
      <lineSpacing>0</lineSpacing>
      <textStyles>[fsBold]</textStyles>
      <useDefaultTextSize>False</useDefaultTextSize>
      <selectedIndex>-1</selectedIndex>
    </control>
    <control controlID="4EEA24DE-56B5-E811-A929-2CF0EE17D8DC" controlTypeID="Icon" x="434" y="315" w="46" h="46" zOrder="23">
      <color>4278242355</color>
      <icon>
        <ID/>
        <iconFontName>jdIonicons</iconFontName>
        <iconCode>62325</iconCode>
      </icon>
      <URL>83DD69C47E6D1466D54371E396D6F349.svg</URL>
    </control>
    <control controlID="829999A2-C6B5-E811-A929-2CF0EE17D8DC" controlTypeID="Button" x="424" y="586" w="114" h="34" zOrder="24">
      <color>4278229248</color>
      <borderColor>4278229248</borderColor>
      <font family="" displayName="" postScript="" weightStyle="" weight="0" isBold="False" isItalic="False"/>
      <text>Send%0A</text>
      <textColor>4294967295</textColor>
      <textSize>16</textSize>
      <lineSpacing>0</lineSpacing>
      <textStyles>[fsBold]</textStyles>
      <useDefaultTextSize>False</useDefaultTextSize>
      <selectedIndex>-1</selectedIndex>
      <radius>4</radius>
      <buttonStatus>BsFocused</buttonStatus>
      <thickness>2</thickness>
    </control>
    <control controlID="960368B0-C6B5-E811-A929-2CF0EE17D8DC" controlTypeID="PointyButton" x="556" y="586" w="139" h="34" zOrder="25">
      <color>4278216396</color>
      <borderColor>4278216396</borderColor>
      <font family="" displayName="" postScript="" weightStyle="" weight="0" isBold="False" isItalic="False"/>
      <text>View+My+Timetable</text>
      <textColor>4294967295</textColor>
      <textSize>14</textSize>
      <lineSpacing>0</lineSpacing>
      <selectedIndex>-1</selectedIndex>
    </control>
    <control controlID="0ECB482A-C8B5-E811-A929-2CF0EE17D8DC" controlTypeID="Button" x="876" y="164" w="87" h="28" zOrder="26">
      <color>4294914867</color>
      <borderColor>4291559424</borderColor>
      <font family="" displayName="" postScript="" weightStyle="" weight="0" isBold="False" isItalic="False"/>
      <text>Reject</text>
      <textColor>4294967295</textColor>
      <lineSpacing>0</lineSpacing>
      <selectedIndex>-1</selectedIndex>
      <radius>4</radius>
    </control>
    <control controlID="20290E36-C8B5-E811-A929-2CF0EE17D8DC" controlTypeID="Button" x="876" y="276" w="87" h="28" zOrder="27">
      <color>4294914867</color>
      <borderColor>4291559424</borderColor>
      <font family="" displayName="" postScript="" weightStyle="" weight="0" isBold="False" isItalic="False"/>
      <text>Reject</text>
      <textColor>4294967295</textColor>
      <lineSpacing>0</lineSpacing>
      <selectedIndex>-1</selectedIndex>
      <radius>4</radius>
    </control>
    <control controlID="864EBE45-C8B5-E811-A929-2CF0EE17D8DC" controlTypeID="Button" x="876" y="390" w="87" h="28" zOrder="28">
      <color>4294914867</color>
      <borderColor>4291559424</borderColor>
      <font family="" displayName="" postScript="" weightStyle="" weight="0" isBold="False" isItalic="False"/>
      <text>Reject</text>
      <textColor>4294967295</textColor>
      <lineSpacing>0</lineSpacing>
      <selectedIndex>-1</selectedIndex>
      <radius>4</radius>
    </control>
  </controls>
  <param>
    <backgroundColor>4294967295</backgroundColor>
    <fontSize>0</fontSize>
    <fontFamily/>
    <guideLines/>
  </param>
</mockup>