﻿<mockup version="5.3" minAllowVersion="5.3" ID="AE8ADA80-58B5-E811-A929-2CF0EE17D8DC" platform="MtWeb" defaultW="1100" defaultH="6000" measureW="1100" measureH="6000" mobileScreenScale="0">
  <controls controlCount="34">
    <control controlID="24E5FA85-58B5-E811-A929-2CF0EE17D8DC" controlTypeID="BrowserWindow" x="0" y="0" w="1100" h="799" zOrder="0">
      <font family="" displayName="" postScript="" weightStyle="" weight="0" isBold="False" isItalic="False"/>
      <text>Share+Study+Plan%0Ahttps%3A%2F%2Fwww.sharestudyplan.com</text>
      <textSize>16</textSize>
      <textVAlign>VaTop</textVAlign>
      <lineSpacing>0</lineSpacing>
      <useDefaultTextSize>False</useDefaultTextSize>
      <selectedIndex>-1</selectedIndex>
    </control>
    <control controlID="6AEEA789-58B5-E811-A929-2CF0EE17D8DC" controlTypeID="Label" x="82" y="101" w="125" h="18" zOrder="1">
      <font family="" displayName="" postScript="" weightStyle="" weight="0" isBold="False" isItalic="False"/>
      <text>Type+the+student+ID%3A</text>
      <lineSpacing>0</lineSpacing>
      <selectedIndex>-1</selectedIndex>
    </control>
    <control controlID="80836792-58B5-E811-A929-2CF0EE17D8DC" controlTypeID="Search" x="72" y="124" w="266" h="36" zOrder="2">
      <links eventType="AtClick" animate="AmNone" animateAutoDelay="0" animateDuration="500">
        <link targetPageID="3691F5BF-93B4-E811-A929-2CF0EE17D8DC" linkType="ltPageLink" isApplyIncludePage="False" title="Page1">
          <area shape="0" alt="" ID="{BEAA5BE3-F9AF-E811-A929-2CF0EE17D8DC}" coords="(0,0,266,36)"/>
        </link>
      </links>
      <font family="" displayName="" postScript="" weightStyle="" weight="0" isBold="False" isItalic="False"/>
      <textColor>4288256409</textColor>
      <textSize>14</textSize>
      <textVAlign>VaTop</textVAlign>
      <lineSpacing>0</lineSpacing>
      <selectedIndex>-1</selectedIndex>
      <textDirection>tdLeft</textDirection>
    </control>
    <control controlID="F884EB94-58B5-E811-A929-2CF0EE17D8DC" controlTypeID="TextInput" x="86" y="129" w="147" h="26" zOrder="3">
      <borderVisible>False</borderVisible>
      <font family="" displayName="" postScript="" weightStyle="" weight="0" isBold="False" isItalic="False"/>
      <text>Search...</text>
      <textColor>4288256409</textColor>
      <lineSpacing>0</lineSpacing>
      <selectedIndex>-1</selectedIndex>
    </control>
    <control controlID="A6664A97-58B5-E811-A929-2CF0EE17D8DC" controlTypeID="Panel" x="82" y="217" w="245" h="243" zOrder="4">
      <groupChildrenDescriptors>
        <control controlID="28674A97-58B5-E811-A929-2CF0EE17D8DC" controlTypeID="Label" x="20" y="20" w="62" h="18" zOrder="0">
          <font family="" displayName="" postScript="" weightStyle="" weight="0" isBold="False" isItalic="False"/>
          <text>12345678</text>
          <lineSpacing>0</lineSpacing>
          <selectedIndex>-1</selectedIndex>
        </control>
        <control controlID="82674A97-58B5-E811-A929-2CF0EE17D8DC" controlTypeID="Label" x="20" y="38" w="62" h="18" zOrder="1">
          <font family="" displayName="" postScript="" weightStyle="" weight="0" isBold="False" isItalic="False"/>
          <text>13579820</text>
          <lineSpacing>0</lineSpacing>
          <selectedIndex>-1</selectedIndex>
        </control>
        <control controlID="E6674A97-58B5-E811-A929-2CF0EE17D8DC" controlTypeID="Icon" x="202" y="24" w="11" h="11" zOrder="2">
          <icon>
            <ID/>
            <iconFontName>jdIonicons</iconFontName>
            <iconCode>62167</iconCode>
          </icon>
          <URL>8BE3C7AC8FBB1747163ECAB9AB46AD44.svg</URL>
        </control>
        <control controlID="40684A97-58B5-E811-A929-2CF0EE17D8DC" controlTypeID="Icon" x="202" y="41" w="11" h="11" zOrder="3">
          <icon>
            <ID/>
            <iconFontName>jdIonicons</iconFontName>
            <iconCode>62167</iconCode>
          </icon>
          <URL>8BE3C7AC8FBB1747163ECAB9AB46AD44.svg</URL>
        </control>
        <control controlID="A4684A97-58B5-E811-A929-2CF0EE17D8DC" controlTypeID="Border" x="0" y="0" w="245" h="243" zOrder="4">
          <alias>borderLayer</alias>
        </control>
      </groupChildrenDescriptors>
      <thinkness>1</thinkness>
    </control>
    <control controlID="983CBC99-58B5-E811-A929-2CF0EE17D8DC" controlTypeID="Label" x="103" y="273" w="62" h="18" zOrder="5">
      <font family="" displayName="" postScript="" weightStyle="" weight="0" isBold="False" isItalic="False"/>
      <text>17826354</text>
      <lineSpacing>0</lineSpacing>
      <selectedIndex>-1</selectedIndex>
    </control>
    <control controlID="0A22809C-58B5-E811-A929-2CF0EE17D8DC" controlTypeID="Icon" x="284" y="276" w="11" h="11" zOrder="6">
      <icon>
        <ID/>
        <iconFontName>jdIonicons</iconFontName>
        <iconCode>62167</iconCode>
      </icon>
      <URL>8BE3C7AC8FBB1747163ECAB9AB46AD44.svg</URL>
    </control>
    <control controlID="6C9126A2-58B5-E811-A929-2CF0EE17D8DC" controlTypeID="Shape" x="728" y="73" w="372" h="696" zOrder="7">
      <borderColor>4278190080</borderColor>
      <font family="" displayName="" postScript="" weightStyle="" weight="0" isBold="False" isItalic="False"/>
      <textSize>14</textSize>
      <selectedIndex>-1</selectedIndex>
    </control>
    <control controlID="7A0B81A6-58B5-E811-A929-2CF0EE17D8DC" controlTypeID="TextArea" x="752" y="129" w="211" h="24" zOrder="8">
      <font family="" displayName="" postScript="" weightStyle="" weight="0" isBold="False" isItalic="False"/>
      <text>12536172</text>
      <textSize>18</textSize>
      <lineSpacingMultiple>1.79999995231628</lineSpacingMultiple>
      <textStyles>[fsBold]</textStyles>
      <useDefaultTextSize>False</useDefaultTextSize>
      <selectedIndex>-1</selectedIndex>
    </control>
    <control controlID="16886FDB-58B5-E811-A929-2CF0EE17D8DC" controlTypeID="Label" x="876" y="83" w="101" h="22" zOrder="9">
      <font family="" displayName="" postScript="" weightStyle="" weight="0" isBold="False" isItalic="False"/>
      <text>My+Request</text>
      <textSize>18</textSize>
      <lineSpacing>0</lineSpacing>
      <textStyles>[fsBold]</textStyles>
      <useDefaultTextSize>False</useDefaultTextSize>
      <selectedIndex>-1</selectedIndex>
    </control>
    <control controlID="2064F3DF-58B5-E811-A929-2CF0EE17D8DC" controlTypeID="Line" x="728" y="113" w="370" h="1" zOrder="10">
      <font family="" displayName="" postScript="" weightStyle="" weight="0" isBold="False" isItalic="False"/>
      <textSize>14</textSize>
      <lineSpacing>0</lineSpacing>
      <selectedIndex>-1</selectedIndex>
      <controlPoint>(186,0)</controlPoint>
      <startPoint>(1,0)</startPoint>
      <endPoint>(370,0)</endPoint>
    </control>
    <control controlID="FEA1B9E9-58B5-E811-A929-2CF0EE17D8DC" controlTypeID="Line" x="729" y="319" w="370" h="2" zOrder="11">
      <color>4278190080</color>
      <font family="" displayName="" postScript="" weightStyle="" weight="0" isBold="False" isItalic="False"/>
      <textSize>14</textSize>
      <lineSpacing>0</lineSpacing>
      <selectedIndex>-1</selectedIndex>
      <controlPoint>(186,1)</controlPoint>
      <startPoint>(1,1)</startPoint>
      <endPoint>(370,1)</endPoint>
    </control>
    <control controlID="9445E5ED-58B5-E811-A929-2CF0EE17D8DC" controlTypeID="Line" x="729" y="209" w="370" h="2" zOrder="12">
      <color>4278190080</color>
      <font family="" displayName="" postScript="" weightStyle="" weight="0" isBold="False" isItalic="False"/>
      <textSize>14</textSize>
      <lineSpacing>0</lineSpacing>
      <selectedIndex>-1</selectedIndex>
      <controlPoint>(186,1)</controlPoint>
      <startPoint>(1,1)</startPoint>
      <endPoint>(370,1)</endPoint>
    </control>
    <control controlID="6E4E94F2-58B5-E811-A929-2CF0EE17D8DC" controlTypeID="TextArea" x="752" y="234" w="211" h="24" zOrder="13">
      <font family="" displayName="" postScript="" weightStyle="" weight="0" isBold="False" isItalic="False"/>
      <text>13579820</text>
      <textSize>18</textSize>
      <lineSpacingMultiple>1.79999995231628</lineSpacingMultiple>
      <textStyles>[fsBold]</textStyles>
      <useDefaultTextSize>False</useDefaultTextSize>
      <selectedIndex>-1</selectedIndex>
    </control>
    <control controlID="E2D828FB-58B5-E811-A929-2CF0EE17D8DC" controlTypeID="TextArea" x="752" y="336" w="211" h="24" zOrder="14">
      <font family="" displayName="" postScript="" weightStyle="" weight="0" isBold="False" isItalic="False"/>
      <text>17826354</text>
      <textSize>18</textSize>
      <lineSpacingMultiple>1.79999995231628</lineSpacingMultiple>
      <textStyles>[fsBold]</textStyles>
      <useDefaultTextSize>False</useDefaultTextSize>
      <selectedIndex>-1</selectedIndex>
    </control>
    <control controlID="34E76602-59B5-E811-A929-2CF0EE17D8DC" controlTypeID="Line" x="729" y="428" w="370" h="2" zOrder="15">
      <color>4278190080</color>
      <font family="" displayName="" postScript="" weightStyle="" weight="0" isBold="False" isItalic="False"/>
      <textSize>14</textSize>
      <lineSpacing>0</lineSpacing>
      <selectedIndex>-1</selectedIndex>
      <controlPoint>(186,1)</controlPoint>
      <startPoint>(1,1)</startPoint>
      <endPoint>(370,1)</endPoint>
    </control>
    <control controlID="BA242B34-59B5-E811-A929-2CF0EE17D8DC" controlTypeID="Shape" x="307" y="291" w="308" h="184" zOrder="16">
      <borderColor>4278190080</borderColor>
      <font family="" displayName="" postScript="" weightStyle="" weight="0" isBold="False" isItalic="False"/>
      <textSize>14</textSize>
      <selectedIndex>-1</selectedIndex>
      <radius>8</radius>
    </control>
    <control controlID="364957B7-59B5-E811-A929-2CF0EE17D8DC" controlTypeID="Icon" x="437" y="301" w="47" h="47" zOrder="17">
      <color>4278242355</color>
      <icon>
        <ID/>
        <iconFontName>jdIonicons</iconFontName>
        <iconCode>62325</iconCode>
      </icon>
      <URL>83DD69C47E6D1466D54371E396D6F349.svg</URL>
    </control>
    <control controlID="4251D1C4-59B5-E811-A929-2CF0EE17D8DC" controlTypeID="Label" x="420" y="351" w="79" h="22" zOrder="18">
      <font family="" displayName="" postScript="" weightStyle="" weight="0" isBold="False" isItalic="False"/>
      <text>Congrats</text>
      <textSize>18</textSize>
      <lineSpacing>0</lineSpacing>
      <textStyles>[fsBold]</textStyles>
      <useDefaultTextSize>False</useDefaultTextSize>
      <selectedIndex>-1</selectedIndex>
    </control>
    <control controlID="14917937-5AB5-E811-A929-2CF0EE17D8DC" controlTypeID="TextArea" x="331" y="378" w="274" h="45" zOrder="19">
      <font family="" displayName="" postScript="" weightStyle="" weight="0" isBold="False" isItalic="False"/>
      <text>You+successfully+accepted+the+request+from+17826354</text>
      <textAlign>HaCenter</textAlign>
      <selectedIndex>-1</selectedIndex>
    </control>
    <control controlID="6A767497-5AB5-E811-A929-2CF0EE17D8DC" controlTypeID="Button" x="431" y="433" w="74" h="32" zOrder="20">
      <color>4278216396</color>
      <borderColor>4278229452</borderColor>
      <links eventType="AtClick" animate="AmNone" animateAutoDelay="0" animateDuration="500">
        <link targetPageID="6EC8045A-5CB5-E811-A929-2CF0EE17D8DC" linkType="ltPageLink" isApplyIncludePage="False" title="Page1">
          <area shape="0" alt="" ID="{0415A3A1-5CB5-E811-A929-2CF0EE17D8DC}" coords="(0,0,74,32)"/>
        </link>
      </links>
      <font family="" displayName="" postScript="" weightStyle="" weight="0" isBold="False" isItalic="False"/>
      <text>OK</text>
      <textColor>4294967295</textColor>
      <lineSpacing>0</lineSpacing>
      <selectedIndex>-1</selectedIndex>
      <radius>8</radius>
    </control>
    <control controlID="3ED2EEC9-5FB5-E811-A929-2CF0EE17D8DC" controlTypeID="Button" x="983" y="164" w="81" h="29" zOrder="21">
      <color>4278242304</color>
      <borderColor>4278229248</borderColor>
      <font family="" displayName="" postScript="" weightStyle="" weight="0" isBold="False" isItalic="False"/>
      <text>Accept</text>
      <textColor>4294967295</textColor>
      <lineSpacing>0</lineSpacing>
      <selectedIndex>-1</selectedIndex>
      <radius>4</radius>
      <buttonStatus>BsFocused</buttonStatus>
      <thickness>2</thickness>
    </control>
    <control controlID="6AE5E2DC-5FB5-E811-A929-2CF0EE17D8DC" controlTypeID="Button" x="984" y="275" w="81" h="29" zOrder="22">
      <color>4278242304</color>
      <borderColor>4278229248</borderColor>
      <font family="" displayName="" postScript="" weightStyle="" weight="0" isBold="False" isItalic="False"/>
      <text>Accept</text>
      <textColor>4294967295</textColor>
      <lineSpacing>0</lineSpacing>
      <selectedIndex>-1</selectedIndex>
      <radius>4</radius>
      <buttonStatus>BsFocused</buttonStatus>
      <thickness>2</thickness>
    </control>
    <control controlID="FE2A5BEF-5FB5-E811-A929-2CF0EE17D8DC" controlTypeID="Button" x="984" y="389" w="81" h="29" zOrder="23">
      <color>4278242304</color>
      <borderColor>4278229248</borderColor>
      <font family="" displayName="" postScript="" weightStyle="" weight="0" isBold="False" isItalic="False"/>
      <text>Accept</text>
      <textColor>4294967295</textColor>
      <lineSpacing>0</lineSpacing>
      <selectedIndex>-1</selectedIndex>
      <radius>4</radius>
      <buttonStatus>BsFocused</buttonStatus>
      <thickness>2</thickness>
    </control>
    <control controlID="CE442AA7-C6B5-E811-A929-2CF0EE17D8DC" controlTypeID="Button" x="424" y="586" w="114" h="34" zOrder="24">
      <color>4278229248</color>
      <borderColor>4278229248</borderColor>
      <font family="" displayName="" postScript="" weightStyle="" weight="0" isBold="False" isItalic="False"/>
      <text>Send%0A</text>
      <textColor>4294967295</textColor>
      <textSize>16</textSize>
      <lineSpacing>0</lineSpacing>
      <textStyles>[fsBold]</textStyles>
      <useDefaultTextSize>False</useDefaultTextSize>
      <selectedIndex>-1</selectedIndex>
      <radius>4</radius>
      <buttonStatus>BsFocused</buttonStatus>
      <thickness>2</thickness>
    </control>
    <control controlID="ECE572B3-C6B5-E811-A929-2CF0EE17D8DC" controlTypeID="PointyButton" x="556" y="586" w="139" h="34" zOrder="25">
      <color>4278216396</color>
      <borderColor>4278216396</borderColor>
      <font family="" displayName="" postScript="" weightStyle="" weight="0" isBold="False" isItalic="False"/>
      <text>View+My+Timetable</text>
      <textColor>4294967295</textColor>
      <textSize>14</textSize>
      <lineSpacing>0</lineSpacing>
      <selectedIndex>-1</selectedIndex>
    </control>
    <control controlID="20DD3E2E-C8B5-E811-A929-2CF0EE17D8DC" controlTypeID="Button" x="876" y="164" w="87" h="28" zOrder="26">
      <color>4294914867</color>
      <borderColor>4291559424</borderColor>
      <font family="" displayName="" postScript="" weightStyle="" weight="0" isBold="False" isItalic="False"/>
      <text>Reject</text>
      <textColor>4294967295</textColor>
      <lineSpacing>0</lineSpacing>
      <selectedIndex>-1</selectedIndex>
      <radius>4</radius>
    </control>
    <control controlID="562E8F38-C8B5-E811-A929-2CF0EE17D8DC" controlTypeID="Button" x="876" y="276" w="87" h="28" zOrder="27">
      <color>4294914867</color>
      <borderColor>4291559424</borderColor>
      <font family="" displayName="" postScript="" weightStyle="" weight="0" isBold="False" isItalic="False"/>
      <text>Reject</text>
      <textColor>4294967295</textColor>
      <lineSpacing>0</lineSpacing>
      <selectedIndex>-1</selectedIndex>
      <radius>4</radius>
    </control>
    <control controlID="AC2A8C48-C8B5-E811-A929-2CF0EE17D8DC" controlTypeID="Button" x="876" y="390" w="87" h="28" zOrder="28">
      <color>4294914867</color>
      <borderColor>4291559424</borderColor>
      <font family="" displayName="" postScript="" weightStyle="" weight="0" isBold="False" isItalic="False"/>
      <text>Reject</text>
      <textColor>4294967295</textColor>
      <lineSpacing>0</lineSpacing>
      <selectedIndex>-1</selectedIndex>
      <radius>4</radius>
    </control>
  </controls>
  <param>
    <backgroundColor>4294967295</backgroundColor>
    <fontSize>0</fontSize>
    <fontFamily/>
    <guideLines/>
  </param>
</mockup>