﻿<LinkSources version="1.02">
  <page ID="3691F5BF-93B4-E811-A929-2CF0EE17D8DC">
    <linkSource sourcePageID="808CECE0-F9AF-E811-A929-2CF0EE17D8DC" comID="5656C2EB-92B4-E811-A929-2CF0EE17D8DC" comLinkType="cltPageLink"/>
    <linkSource sourcePageID="F265B329-58B5-E811-A929-2CF0EE17D8DC" comID="1ACE696F-58B5-E811-A929-2CF0EE17D8DC" comLinkType="cltPageLink"/>
    <linkSource sourcePageID="AE8ADA80-58B5-E811-A929-2CF0EE17D8DC" comID="80836792-58B5-E811-A929-2CF0EE17D8DC" comLinkType="cltPageLink"/>
    <linkSource sourcePageID="6EC8045A-5CB5-E811-A929-2CF0EE17D8DC" comID="C0042669-5CB5-E811-A929-2CF0EE17D8DC" comLinkType="cltPageLink"/>
    <linkSource sourcePageID="5C9B2E66-E3AF-E811-A929-2CF0EE17D8DC" comID="FE76A642-E4AF-E811-A929-2CF0EE17D8DC" comLinkType="cltPageLink"/>
  </page>
  <page ID="4A2D4ADC-95B4-E811-A929-2CF0EE17D8DC">
    <linkSource sourcePageID="3691F5BF-93B4-E811-A929-2CF0EE17D8DC" comID="8EBC29D1-93B4-E811-A929-2CF0EE17D8DC" comLinkType="cltPageLink"/>
    <linkSource sourcePageID="3691F5BF-93B4-E811-A929-2CF0EE17D8DC" comID="FCE5889C-C6B5-E811-A929-2CF0EE17D8DC" comLinkType="cltPageLink"/>
  </page>
  <page ID="808CECE0-F9AF-E811-A929-2CF0EE17D8DC">
    <linkSource sourcePageID="5C9B2E66-E3AF-E811-A929-2CF0EE17D8DC" comID="FE76A642-E4AF-E811-A929-2CF0EE17D8DC" comLinkType="cltPageLink"/>
    <linkSource sourcePageID="808CECE0-F9AF-E811-A929-2CF0EE17D8DC" comID="5656C2EB-92B4-E811-A929-2CF0EE17D8DC" comLinkType="cltPageLink"/>
    <linkSource sourcePageID="3691F5BF-93B4-E811-A929-2CF0EE17D8DC" comID="8EBC29D1-93B4-E811-A929-2CF0EE17D8DC" comLinkType="cltPageLink"/>
    <linkSource sourcePageID="4A2D4ADC-95B4-E811-A929-2CF0EE17D8DC" comID="AA38F0EC-96B4-E811-A929-2CF0EE17D8DC" comLinkType="cltPageLink"/>
    <linkSource sourcePageID="4A2D4ADC-95B4-E811-A929-2CF0EE17D8DC" comID="CCDFB679-60B5-E811-A929-2CF0EE17D8DC" comLinkType="cltPageLink"/>
  </page>
  <page ID="F265B329-58B5-E811-A929-2CF0EE17D8DC">
    <linkSource sourcePageID="808CECE0-F9AF-E811-A929-2CF0EE17D8DC" comID="6E46C8E5-57B5-E811-A929-2CF0EE17D8DC" comLinkType="cltPageLink"/>
  </page>
  <page ID="AE8ADA80-58B5-E811-A929-2CF0EE17D8DC">
    <linkSource sourcePageID="F265B329-58B5-E811-A929-2CF0EE17D8DC" comID="14C608EB-5FB5-E811-A929-2CF0EE17D8DC" comLinkType="cltPageLink"/>
  </page>
  <page ID="6EC8045A-5CB5-E811-A929-2CF0EE17D8DC">
    <linkSource sourcePageID="AE8ADA80-58B5-E811-A929-2CF0EE17D8DC" comID="6A767497-5AB5-E811-A929-2CF0EE17D8DC" comLinkType="cltPageLink"/>
  </page>
</LinkSources>